Turn,Completed Tasks,Tasks/Turn
100,209,2.09
200,400,2.0
300,614,2.046666666666667
400,810,2.025
500,1015,2.03
600,1215,2.025
700,1399,1.9985714285714287
800,1615,2.01875
900,1813,2.0144444444444445
1000,2007,2.007
1100,2197,1.9972727272727273
1200,2410,2.0083333333333333
1300,2614,2.0107692307692306
1400,2813,2.0092857142857143
1500,3018,2.012
1600,3218,2.01125
1700,3418,2.010588235294118
1800,3615,2.0083333333333333
1900,3817,2.008947368421053
2000,4040,2.02
2100,4235,2.0166666666666666
2200,4440,2.018181818181818
2300,4658,2.0252173913043476
2400,4858,2.0241666666666664
2500,5039,2.0156
2600,5253,2.0203846153846152
2700,5455,2.02037037037037
2800,5651,2.0182142857142855
2900,5855,2.018965517241379
3000,6040,2.013333333333333
3100,6232,2.0103225806451612
3200,6437,2.0115625
3300,6634,2.0103030303030303
3400,6831,2.0091176470588237
3500,7029,2.0082857142857145
3600,7219,2.0052777777777777
3700,7398,1.9994594594594595
3800,7598,1.9994736842105263
3900,7800,2.0
4000,7996,1.999
4100,8195,1.998780487804878
4200,8398,1.9995238095238095
4300,8596,1.9990697674418605
4400,8795,1.9988636363636363
4500,8991,1.998
4600,9192,1.9982608695652173
4700,9386,1.9970212765957447
4800,9576,1.995
4900,9789,1.9977551020408164
5000,9988,1.9976
5100,10178,1.9956862745098038
5200,10380,1.9961538461538462
5300,10578,1.9958490566037737
5400,10773,1.995
5500,10986,1.9974545454545454
5600,11179,1.99625
5700,11395,1.999122807017544
5800,11576,1.9958620689655173
5900,11775,1.9957627118644068
6000,11959,1.9931666666666668
6100,12156,1.9927868852459016
6200,12353,1.9924193548387097
6300,12554,1.9926984126984126
6400,12759,1.99359375
6500,12968,1.995076923076923
6600,13167,1.995
6700,13355,1.9932835820895523
6800,13553,1.9930882352941177
6900,13746,1.9921739130434784
7000,13939,1.9912857142857143
7100,14136,1.9909859154929577
7200,14332,1.9905555555555556
7300,14534,1.990958904109589
7400,14725,1.989864864864865
7500,14932,1.9909333333333334
7600,15149,1.9932894736842106
7700,15338,1.991948051948052
7800,15536,1.9917948717948717
7900,15737,1.9920253164556962
8000,15938,1.99225
8100,16136,1.9920987654320987
8200,16332,1.9917073170731707
8300,16548,1.993734939759036
8400,16747,1.9936904761904761
8500,16929,1.9916470588235293
8600,17118,1.9904651162790699
8700,17317,1.9904597701149425
8800,17511,1.9898863636363637
8900,17706,1.989438202247191
9000,17899,1.9887777777777778
9100,18115,1.9906593406593407
9200,18313,1.9905434782608695
9300,18513,1.9906451612903227
9400,18693,1.9886170212765957
9500,18890,1.9884210526315789
9600,19072,1.9866666666666666
9700,19279,1.9875257731958762
9800,19497,1.9894897959183673
9900,19699,1.98979797979798
10000,19894,1.9894
10100,20097,1.9898019801980198
10200,20293,1.9895098039215686
10300,20477,1.9880582524271844
10400,20673,1.9877884615384616
10500,20852,1.9859047619047618
10600,21034,1.9843396226415095
10700,21220,1.983177570093458
10800,21420,1.9833333333333334
10900,21637,1.985045871559633
11000,21837,1.9851818181818182
11100,22018,1.9836036036036035
11200,22210,1.9830357142857142
11300,22398,1.9821238938053098
11400,22599,1.9823684210526316
11500,22799,1.9825217391304348
11600,22992,1.9820689655172414
11700,23194,1.9823931623931623
11800,23405,1.9834745762711865
11900,23609,1.9839495798319329
12000,23813,1.9844166666666667
12100,23998,1.983305785123967
12200,24219,1.9851639344262295
12300,24432,1.9863414634146341
12400,24627,1.9860483870967742
12500,24812,1.98496
12600,25014,1.9852380952380952
12700,25194,1.983779527559055
12800,25378,1.98265625
12900,25580,1.9829457364341085
13000,25777,1.982846153846154
13100,25973,1.982671755725191
13200,26178,1.9831818181818182
13300,26379,1.9833834586466166
13400,26577,1.983358208955224
13500,26771,1.983037037037037
13600,26953,1.9818382352941177
13700,27159,1.9824087591240875
13800,27374,1.983623188405797
13900,27575,1.9838129496402879
14000,27776,1.984
14100,27988,1.9849645390070922
14200,28192,1.9853521126760563
14300,28396,1.9857342657342658
14400,28598,1.9859722222222222
14500,28804,1.9864827586206897
14600,29010,1.986986301369863
14700,29199,1.9863265306122448
14800,29399,1.986418918918919
14900,29597,1.9863758389261745
15000,29789,1.9859333333333333
15100,29994,1.9863576158940397
15200,30195,1.9865131578947368
15300,30394,1.9865359477124183
15400,30597,1.9868181818181818
15500,30777,1.9856129032258065
15600,30997,1.9869871794871794
15700,31212,1.9880254777070063
15800,31391,1.9867721518987342
15900,31573,1.9857232704402517
16000,31779,1.9861875
16100,31975,1.986024844720497
16200,32178,1.9862962962962962
16300,32377,1.986319018404908
16400,32578,1.9864634146341464
16500,32780,1.9866666666666666
16600,32967,1.9859638554216867
16700,33152,1.9851497005988024
16800,33351,1.9851785714285715
16900,33540,1.9846153846153847
17000,33756,1.9856470588235293
17100,33960,1.9859649122807017
17200,34160,1.986046511627907
17300,34355,1.9858381502890174
17400,34550,1.985632183908046
17500,34740,1.985142857142857
17600,34934,1.9848863636363636
17700,35137,1.9851412429378532
17800,35331,1.9848876404494382
17900,35537,1.9853072625698325
18000,35729,1.9849444444444444
18100,35934,1.985303867403315
18200,36119,1.9845604395604395
18300,36310,1.984153005464481
18400,36511,1.9842934782608697
18500,36696,1.9835675675675675
18600,36899,1.9838172043010753
18700,37110,1.9844919786096256
18800,37299,1.9839893617021276
18900,37476,1.9828571428571429
19000,37691,1.9837368421052632
19100,37892,1.9838743455497383
19200,38091,1.98390625
19300,38287,1.983782383419689
19400,38494,1.9842268041237114
19500,38687,1.9839487179487179
19600,38874,1.9833673469387756
19700,39072,1.9833502538071066
19800,39274,1.9835353535353535
19900,39475,1.9836683417085428
20000,39674,1.9837
20100,39872,1.983681592039801
20200,40074,1.9838613861386138
20300,40272,1.9838423645320198
20400,40479,1.984264705882353
20500,40676,1.9841951219512195
20600,40888,1.9848543689320388
20700,41098,1.9854106280193238
20800,41295,1.9853365384615385
20900,41495,1.9854066985645933
21000,41690,1.9852380952380952
21100,41893,1.9854502369668245
21200,42091,1.9854245283018868
21300,42298,1.9858215962441315
21400,42498,1.9858878504672897
21500,42712,1.9866046511627906
21600,42907,1.9864351851851851
21700,43104,1.9863594470046082
21800,43300,1.9862385321100917
21900,43507,1.98662100456621
22000,43679,1.985409090909091
22100,43896,1.9862443438914028
22200,44098,1.9863963963963964
22300,44299,1.9865022421524663
22400,44496,1.9864285714285714
22500,44695,1.9864444444444445
22600,44886,1.9861061946902654
22700,45087,1.9862114537444935
22800,45273,1.9856578947368422
22900,45476,1.9858515283842795
23000,45675,1.9858695652173912
23100,45874,1.9858874458874458
23200,46078,1.9861206896551724
23300,46257,1.9852789699570816
23400,46440,1.9846153846153847
23500,46651,1.9851489361702128
23600,46838,1.9846610169491525
23700,47033,1.9845147679324895
23800,47219,1.9839915966386554
23900,47429,1.9844769874476988
24000,47636,1.9848333333333332
24100,47850,1.9854771784232366
24200,48056,1.9857851239669422
24300,48255,1.9858024691358025
24400,48457,1.9859426229508197
24500,48659,1.9860816326530613
24600,48859,1.9861382113821138
24700,49072,1.9867206477732793
24800,49290,1.9875
24900,49479,1.9871084337349398
25000,49686,1.98744
25100,49890,1.9876494023904383
25200,50079,1.9872619047619047
25300,50275,1.9871541501976284
25400,50477,1.987283464566929
25500,50679,1.9874117647058824
25600,50869,1.9870703125
25700,51071,1.9871984435797665
25800,51266,1.9870542635658914
25900,51459,1.986833976833977
26000,51659,1.9868846153846154
26100,51854,1.986743295019157
26200,52058,1.9869465648854963
26300,52269,1.9874144486692016
26400,52473,1.9876136363636363
26500,52660,1.9871698113207548
26600,52854,1.9869924812030075
26700,53048,1.986816479400749
26800,53250,1.9869402985074627
26900,53440,1.9866171003717472
27000,53646,1.986888888888889
27100,53847,1.9869741697416974
27200,54051,1.9871691176470587
27300,54252,1.9872527472527473
27400,54459,1.9875547445255475
27500,54660,1.9876363636363636
27600,54868,1.9879710144927536
27700,55059,1.9876895306859206
27800,55266,1.9879856115107915
27900,55475,1.9883512544802868
28000,55675,1.988392857142857
28100,55873,1.9883629893238435
28200,56075,1.9884751773049645
28300,56276,1.9885512367491167
28400,56492,1.9891549295774649
28500,56698,1.9894035087719297
28600,56896,1.9893706293706295
28700,57097,1.9894425087108014
28800,57313,1.9900347222222223
28900,57513,1.9900692041522492
29000,57727,1.9905862068965516
29100,57915,1.9902061855670103
29200,58100,1.9897260273972603
29300,58300,1.9897610921501707
29400,58511,1.990170068027211
29500,58697,1.989728813559322
29600,58890,1.989527027027027
29700,59106,1.9901010101010101
29800,59310,1.9902684563758388
29900,59506,1.9901672240802675
30000,59712,1.9904
30100,59912,1.9904318936877077
30200,60094,1.9898675496688742
30300,60294,1.98990099009901
30400,60477,1.989375
30500,60692,1.9899016393442623
30600,60883,1.989640522875817
30700,61089,1.9898697068403908
30800,61287,1.9898376623376623
30900,61497,1.9901941747572816
31000,61699,1.9902903225806452
31100,61899,1.99032154340836
31200,62100,1.9903846153846154
31300,62296,1.9902875399361022
31400,62494,1.9902547770700636
31500,62673,1.9896190476190476
31600,62876,1.9897468354430379
31700,63075,1.9897476340694007
31800,63279,1.9899056603773584
31900,63491,1.9903134796238244
32000,63694,1.9904375
32100,63898,1.9905919003115264
32200,64112,1.991055900621118
32300,64313,1.9911145510835913
32400,64512,1.991111111111111
32500,64700,1.9907692307692308
32600,64898,1.9907361963190184
32700,65100,1.9908256880733946
32800,65305,1.9910060975609756
32900,65517,1.9913981762917934
33000,65720,1.9915151515151515
33100,65918,1.9914803625377644
33200,66109,1.991234939759036
33300,66299,1.9909609609609609
33400,66528,1.9918562874251498
33500,66732,1.992
33600,66930,1.9919642857142856
33700,67112,1.991454005934718
33800,67309,1.9913905325443786
33900,67507,1.9913569321533924
34000,67712,1.991529411764706
34100,67900,1.9912023460410557
34200,68113,1.9916081871345028
34300,68320,1.9918367346938775
34400,68517,1.9917732558139536
34500,68720,1.9918840579710144
34600,68918,1.991849710982659
34700,69127,1.9921325648414985
34800,69339,1.9925
34900,69553,1.9929226361031518
35000,69752,1.9929142857142856
35100,69959,1.993133903133903
35200,70171,1.993494318181818
35300,70360,1.993201133144476
35400,70556,1.9931073446327683
35500,70769,1.9934929577464788
35600,70952,1.9930337078651685
35700,71159,1.9932492997198878
35800,71372,1.993631284916201
35900,71578,1.9938161559888579
36000,71755,1.9931944444444445
36100,71954,1.993185595567867
36200,72156,1.9932596685082873
36300,72356,1.9932782369146005
36400,72540,1.9928571428571429
36500,72740,1.9928767123287672
36600,72950,1.9931693989071038
36700,73139,1.9928882833787467
36800,73320,1.992391304347826
36900,73517,1.992330623306233
37000,73720,1.9924324324324325
37100,73915,1.9923180592991914
37200,74109,1.9921774193548387
37300,74300,1.9919571045576407
37400,74506,1.9921390374331551
37500,74712,1.99232
37600,74915,1.9924202127659574
37700,75114,1.9924137931034482
37800,75309,1.9923015873015872
37900,75499,1.9920580474934038
38000,75716,1.9925263157894737
38100,75898,1.9920734908136484
38200,76098,1.9920942408376963
38300,76311,1.9924543080939947
38400,76518,1.99265625
38500,76716,1.9926233766233765
38600,76919,1.992720207253886
38700,77114,1.992609819121447
38800,77317,1.9927061855670103
38900,77518,1.9927506426735218
39000,77719,1.9927948717948718
39100,77920,1.992838874680307
39200,78116,1.9927551020408163
39300,78328,1.9930788804071247
39400,78520,1.9928934010152284
39500,78706,1.9925569620253165
39600,78900,1.9924242424242424
39700,79098,1.9923929471032746
39800,79279,1.9919346733668342
39900,79492,1.992280701754386
40000,79695,1.992375
40100,79899,1.9924937655860349
40200,80098,1.9924875621890548
40300,80299,1.992531017369727
40400,80499,1.992549504950495
40500,80692,1.992395061728395
40600,80897,1.992536945812808
40700,81099,1.9926044226044226
40800,81307,1.9928186274509805
40900,81519,1.9931295843520782
41000,81716,1.9930731707317073
41100,81900,1.9927007299270072
41200,82110,1.9929611650485437
41300,82317,1.9931476997578692
41400,82509,1.9929710144927537
41500,82714,1.9931084337349398
41600,82912,1.993076923076923
41700,83112,1.993093525179856
41800,83298,1.992775119617225
41900,83497,1.9927684964200478
42000,83707,1.9930238095238095
42100,83892,1.9926840855106889
42200,84076,1.9923222748815166
42300,84260,1.9919621749408984
42400,84457,1.9919103773584905
42500,84648,1.9917176470588236
42600,84836,1.9914553990610329
42700,85035,1.9914519906323185
42800,85229,1.9913317757009346
42900,85418,1.9910955710955711
43000,85616,1.9910697674418605
43100,85827,1.9913457076566126
43200,86020,1.9912037037037038
43300,86227,1.9913856812933026
43400,86431,1.9914976958525346
43500,86614,1.9911264367816093
43600,86819,1.9912614678899083
43700,87018,1.991258581235698
43800,87231,1.9915753424657534
43900,87420,1.9913439635535308
44000,87613,1.9912045454545455
44100,87800,1.9909297052154196
44200,88019,1.9913800904977375
44300,88233,1.9917155756207674
44400,88419,1.9914189189189189
44500,88634,1.9917752808988765
44600,88837,1.991860986547085
44700,89036,1.9918568232662193
44800,89240,1.9919642857142856
44900,89457,1.9923608017817371
45000,89659,1.9924222222222223
45100,89869,1.992660753880266
45200,90068,1.992654867256637
45300,90275,1.9928256070640176
45400,90477,1.992885462555066
45500,90674,1.9928351648351648
45600,90877,1.9929166666666667
45700,91073,1.9928446389496717
45800,91257,1.9925109170305677
45900,91455,1.992483660130719
46000,91658,1.9925652173913044
46100,91857,1.9925596529284164
46200,92056,1.9925541125541126
46300,92260,1.9926565874730022
46400,92465,1.992780172413793
46500,92633,1.9921075268817203
46600,92837,1.9922103004291845
46700,93035,1.992184154175589
46800,93239,1.9922863247863247
46900,93429,1.992089552238806
47000,93633,1.992191489361702
47100,93837,1.9922929936305733
47200,94046,1.9925
47300,94240,1.9923890063424947
47400,94451,1.9926371308016877
47500,94647,1.9925684210526315
47600,94830,1.9922268907563025
47700,95019,1.9920125786163523
47800,95217,1.9919874476987447
47900,95417,1.9920041753653446
48000,95616,1.992
48100,95815,1.991995841995842
48200,96009,1.9918879668049791
48300,96197,1.991656314699793
48400,96396,1.9916528925619834
48500,96592,1.9915876288659793
48600,96795,1.9916666666666667
48700,96980,1.991375770020534
48800,97180,1.991393442622951
48900,97380,1.9914110429447853
49000,97614,1.992122448979592
49100,97799,1.9918329938900203
49200,97993,1.9917276422764227
49300,98212,1.992129817444219
49400,98434,1.992591093117409
49500,98633,1.9925858585858587
49600,98827,1.9924798387096774
49700,99030,1.9925553319919518
49800,99219,1.9923493975903614
49900,99417,1.992324649298597
50000,99609,1.99218
50100,99793,1.99187624750499
50200,99979,1.991613545816733
50300,100173,1.9915109343936381
50400,100378,1.991626984126984
50500,100578,1.9916435643564356
50600,100796,1.9920158102766798
50700,100998,1.9920710059171598
50800,101197,1.9920669291338582
50900,101394,1.992023575638507
51000,101578,1.9917254901960784
51100,101774,1.9916634050880626
51200,101977,1.99173828125
51300,102172,1.9916569200779728
51400,102367,1.9915758754863813
51500,102558,1.9914174757281553
51600,102756,1.9913953488372094
51700,102953,1.9913539651837524
51800,103139,1.9911003861003862
51900,103353,1.9913872832369943
52000,103553,1.9914038461538461
52100,103760,1.9915547024952016
52200,103955,1.9914750957854406
52300,104151,1.991414913957935
52400,104337,1.9911641221374046
52500,104531,1.9910666666666668
52600,104719,1.9908555133079848
52700,104937,1.991214421252372
52800,105139,1.9912689393939393
52900,105332,1.9911531190926277
53000,105536,1.9912452830188678
53100,105736,1.991261770244821
53200,105930,1.9911654135338346
53300,106113,1.9908630393996247
53400,106318,1.9909737827715355
53500,106519,1.9910093457943925
53600,106732,1.991268656716418
53700,106938,1.9913966480446927
53800,107139,1.9914312267657992
53900,107337,1.9914100185528758
54000,107540,1.9914814814814814
54100,107738,1.991460258780037
54200,107946,1.9916236162361625
54300,108139,1.9915101289134438
54400,108337,1.9914889705882353
54500,108554,1.9918165137614678
54600,108747,1.9917032967032966
54700,108938,1.9915539305301646
54800,109135,1.991514598540146
54900,109336,1.9915482695810565
55000,109536,1.9915636363636364
55100,109731,1.9914882032667875
55200,109934,1.9915579710144928
55300,110131,1.9915189873417722
55400,110319,1.9913176895306859
55500,110498,1.990954954954955
55600,110686,1.9907553956834532
55700,110894,1.9909156193895872
55800,111099,1.991021505376344
55900,111308,1.9911985688729874
56000,111512,1.9912857142857143
56100,111712,1.991301247771836
56200,111913,1.9913345195729537
56300,112111,1.9913143872113677
56400,112314,1.9913829787234043
56500,112517,1.9914513274336283
56600,112732,1.991731448763251
56700,112936,1.9918165784832451
56800,113138,1.9918661971830987
56900,113354,1.9921616871704746
57000,113539,1.9919122807017544
57100,113746,1.9920490367775832
57200,113939,1.9919405594405595
57300,114133,1.9918499127399651
57400,114320,1.991637630662021
57500,114518,1.9916173913043478
57600,114720,1.9916666666666667
57700,114917,1.991629116117851
57800,115119,1.9916782006920415
57900,115334,1.991951640759931
58000,115519,1.9917068965517242
58100,115719,1.9917211703958693
58200,115932,1.991958762886598
58300,116138,1.9920754716981133
58400,116337,1.9920719178082191
58500,116535,1.9920512820512821
58600,116740,1.9921501706484641
58700,116939,1.992146507666099
58800,117151,1.9923639455782314
58900,117358,1.9924957555178269
59000,117570,1.9927118644067796
59100,117773,1.9927749576988156
59200,117960,1.9925675675675676
59300,118156,1.992512647554806
59400,118353,1.9924747474747475
59500,118554,1.9925042016806722
59600,118759,1.9926006711409396
59700,118967,1.992747068676717
59800,119156,1.9925752508361203
59900,119360,1.9926544240400668
60000,119559,1.99265
60100,119759,1.9926622296173044
60200,119955,1.9926079734219269
60300,120159,1.9926865671641791
60400,120375,1.9929635761589404
60500,120580,1.9930578512396695
60600,120775,1.992986798679868
60700,120976,1.9930148270181218
60800,121176,1.9930263157894736
60900,121374,1.9930049261083744
61000,121578,1.9930819672131148
61100,121760,1.992798690671031
61200,121972,1.9930065359477125
61300,122174,1.9930505709624795
61400,122378,1.9931270358306188
61500,122569,1.9929918699186993
61600,122757,1.9928084415584415
61700,122960,1.992868719611021
61800,123175,1.9931229773462784
61900,123360,1.992891760904685
62000,123553,1.9927903225806451
62100,123751,1.992769726247987
62200,123952,1.9927974276527332
62300,124140,1.9926163723916532
62400,124338,1.9925961538461539
62500,124535,1.99256
62600,124735,1.9925718849840255
62700,124940,1.9926634768740032
62800,125140,1.9926751592356688
62900,125347,1.992798092209857
63000,125558,1.992984126984127
63100,125753,1.9929160063391442
63200,125948,1.9928481012658228
63300,126160,1.99304897314376
63400,126350,1.9929022082018928
63500,126568,1.9931968503937008
63600,126775,1.993317610062893
63700,126993,1.9936106750392464
63800,127196,1.993667711598746
63900,127409,1.9938810641627542
64000,127595,1.993671875
64100,127795,1.993681747269891
64200,127993,1.9936604361370716
64300,128186,1.993561430793157
64400,128378,1.993447204968944
64500,128572,1.9933643410852713
64600,128788,1.9936222910216719
64700,128986,1.9936012364760434
64800,129175,1.9934413580246915
64900,129353,1.9931124807395995
65000,129540,1.992923076923077
65100,129735,1.9928571428571429
65200,129926,1.9927300613496932
65300,130130,1.992802450229709
65400,130317,1.9926146788990826
65500,130519,1.9926564885496183
65600,130733,1.9928810975609756
65700,130927,1.9928006088280061
65800,131133,1.9929027355623101
65900,131328,1.9928376327769348
66000,131533,1.9929242424242424
66100,131738,1.9930105900151287
66200,131936,1.9929909365558913
66300,132156,1.9933031674208144
66400,132370,1.993524096385542
66500,132577,1.993639097744361
66600,132792,1.993873873873874
66700,132999,1.9939880059970014
66800,133200,1.9940119760479043
66900,133406,1.9941106128550075
67000,133598,1.994
67100,133797,1.9939940387481372
67200,133991,1.9939136904761905
67300,134171,1.9936255572065378
67400,134357,1.993427299703264
67500,134577,1.9937333333333334
67600,134772,1.9936686390532545
67700,134958,1.9934711964549483
67800,135157,1.9934660766961652
67900,135357,1.9934756995581737
68000,135552,1.9934117647058824
68100,135745,1.9933186490455213
68200,135940,1.9932551319648093
68300,136120,1.9929721815519765
68400,136315,1.9929093567251461
68500,136518,1.992963503649635
68600,136727,1.9931049562682215
68700,136919,1.9929985443959244
68800,137120,1.9930232558139536
68900,137330,1.993178519593614
69000,137514,1.9929565217391305
69100,137713,1.9929522431259046
69200,137913,1.9929624277456648
69300,138118,1.993044733044733
69400,138314,1.9929971181556196
69500,138518,1.9930647482014388
69600,138735,1.9933189655172414
69700,138940,1.993400286944046
69800,139151,1.993567335243553
69900,139347,1.993519313304721
70000,139553,1.9936142857142858
70100,139738,1.9934094151212554
70200,139949,1.9935754985754985
70300,140154,1.993655761024182
70400,140351,1.9936221590909091
70500,140540,1.9934751773049646
70600,140739,1.9934702549575072
70700,140938,1.9934653465346535
70800,141136,1.9934463276836158
70900,141337,1.9934696755994359
71000,141527,1.993338028169014
71100,141717,1.9932067510548523
71200,141912,1.9931460674157304
71300,142110,1.9931276297335203
71400,142314,1.9931932773109244
71500,142499,1.992993006993007
71600,142717,1.993254189944134
71700,142918,1.9932775453277545
71800,143120,1.9933147632311978
71900,143330,1.9934631432545202
72000,143533,1.9935138888888888
72100,143739,1.9936061026352287
72200,143935,1.9935595567867035
72300,144135,1.9935684647302905
72400,144340,1.993646408839779
72500,144546,1.9937379310344827
72600,144753,1.9938429752066116
72700,144971,1.994099037138927
72800,145170,1.9940934065934066
72900,145369,1.9940877914951989
73000,145559,1.993958904109589
73100,145758,1.993953488372093
73200,145969,1.9941120218579236
73300,146171,1.9941473396998635
73400,146377,1.9942370572207084
73500,146578,1.9942585034013605
73600,146779,1.9942798913043478
73700,146975,1.9942333785617368
73800,147178,1.9942818428184281
73900,147370,1.9941813261163734
74000,147551,1.9939324324324323
74100,147740,1.9937921727395411
74200,147937,1.9937601078167115
74300,148150,1.993943472409152
74400,148354,1.994005376344086
74500,148540,1.9938255033557046
74600,148732,1.9937265415549599
74700,148937,1.9938018741633199
74800,149148,1.9939572192513368
74900,149354,1.994045393858478
75000,149555,1.9940666666666667
75100,149752,1.994034620505992
75200,149937,1.993843085106383
75300,150133,1.9937981407702523
75400,150335,1.9938328912466843
75500,150534,1.9938278145695365
75600,150733,1.9938227513227513
75700,150920,1.993659180977543
75800,151127,1.9937598944591028
75900,151320,1.9936758893280633
76000,151531,1.993828947368421
76100,151728,1.9937976346911959
76200,151935,1.9938976377952755
76300,152135,1.993905635648755
76400,152331,1.9938612565445026
76500,152531,1.9938692810457517
76600,152726,1.9938120104438641
76700,152932,1.9938983050847459
76800,153127,1.9938411458333334
76900,153320,1.9937581274382314
77000,153536,1.993974025974026
77100,153737,1.9939948119325552
77200,153947,1.9941321243523316
77300,154139,1.9940362225097024
77400,154334,1.9939793281653746
77500,154512,1.9937032258064515
77600,154717,1.9937757731958763
77700,154911,1.9937065637065636
77800,155116,1.9937789203084832
77900,155332,1.993992297817715
78000,155540,1.994102564102564
78100,155747,1.9941997439180539
78200,155954,1.9942966751918159
78300,156165,1.9944444444444445
78400,156349,1.9942474489795918
78500,156554,1.9943184713375797
78600,156751,1.9942875318066158
78700,156956,1.9943583227445998
78800,157159,1.9944035532994924
78900,157357,1.994385297845374
79000,157557,1.994392405063291
79100,157756,1.994386852085967
79200,157952,1.9943434343434343
79300,158129,1.9940605296343001
79400,158338,1.9941813602015113
79500,158547,1.994301886792453
79600,158735,1.9941582914572864
79700,158949,1.9943412797992472
79800,159146,1.9943107769423558
79900,159326,1.9940675844806008
80000,159513,1.9939125
80100,159698,1.993732833957553
80200,159906,1.9938403990024938
80300,160098,1.9937484433374844
80400,160299,1.993768656716418
80500,160513,1.9939503105590062
80600,160719,1.9940322580645162
80700,160918,1.9940272614622057
80800,161110,1.9939356435643565
80900,161310,1.9939431396786156
81000,161513,1.9939876543209876
81100,161697,1.9937977805178793
81200,161894,1.993768472906404
81300,162086,1.9936777367773677
81400,162278,1.9935872235872236
81500,162477,1.9935828220858895
81600,162678,1.9936029411764706
81700,162890,1.9937576499388006
81800,163080,1.993643031784841
81900,163287,1.9937362637362637
82000,163491,1.9937926829268293
82100,163680,1.9936662606577344
82200,163879,1.993661800486618
82300,164079,1.9936695018226003
82400,164289,1.9937985436893204
82500,164476,1.9936484848484848
82600,164672,1.9936077481840193
82700,164866,1.9935429262394195
82800,165058,1.9934541062801931
82900,165269,1.9935946924004826
83000,165487,1.9938192771084338
83100,165687,1.9938267148014441
83200,165892,1.9938942307692307
83300,166112,1.994141656662665
83400,166300,1.9940047961630696
83500,166514,1.9941796407185628
83600,166711,1.9941507177033493
83700,166917,1.9942293906810036
83800,167120,1.994272076372315
83900,167318,1.9942550655542313
84000,167513,1.994202380952381
84100,167708,1.9941498216409037
84200,167890,1.9939429928741093
84300,168092,1.9939739027283512
84400,168295,1.9940165876777252
84500,168492,1.9939881656804734
84600,168678,1.9938297872340425
84700,168888,1.9939551357733176
84800,169093,1.9940212264150943
84900,169299,1.9940989399293285
85000,169498,1.9940941176470588
85100,169679,1.9938777908343126
85200,169877,1.9938615023474178
85300,170078,1.9938804220398594
85400,170288,1.9940046838407495
85500,170477,1.9938830409356725
85600,170688,1.994018691588785
85700,170890,1.994049008168028
85800,171095,1.9941142191142192
85900,171291,1.9940745052386495
86000,171492,1.994093023255814
86100,171693,1.9941114982578396
86200,171888,1.994060324825986
86300,172067,1.9938238702201623
86400,172268,1.9938425925925927
86500,172458,1.9937341040462428
86600,172658,1.9937413394919168
86700,172872,1.9939100346020762
86800,173080,1.9940092165898617
86900,173272,1.9939240506329114
87000,173473,1.9939425287356323
87100,173680,1.9940298507462686
87200,173886,1.9941055045871559
87300,174078,1.994020618556701
87400,174279,1.9940389016018307
87500,174473,1.993977142857143
87600,174658,1.9938127853881278
87700,174871,1.9939680729760547
87800,175053,1.99376993166287
87900,175256,1.993811149032992
88000,175455,1.9938068181818183
88100,175646,1.993711691259932
88200,175837,1.9936167800453515
88300,176031,1.9935560588901473
88400,176234,1.9935972850678734
88500,176437,1.993638418079096
88600,176638,1.9936568848758465
88700,176854,1.9938444193912064
88800,177046,1.9937612612612612
88900,177240,1.9937007874015749
89000,177453,1.9938539325842697
89100,177652,1.9938496071829406
89200,177855,1.993890134529148
89300,178056,1.9939081746920493
89400,178254,1.9938926174496645
89500,178456,1.9939217877094972
89600,178658,1.9939508928571428
89700,178859,1.99396878483835
89800,179053,1.9939086859688195
89900,179257,1.9939599555061178
90000,179452,1.9939111111111112
90100,179651,1.993906770255272
90200,179847,1.993869179600887
90300,180020,1.9935769656699889
90400,180231,1.9937057522123893
90500,180435,1.9937569060773481
90600,180618,1.9935761589403973
90700,180813,1.9935281146637265
90800,181026,1.9936784140969164
90900,181228,1.9937073707370736
91000,181429,1.9937252747252747
91100,181654,1.994006586169045
91200,181858,1.9940570175438597
91300,182054,1.9940197152245345
91400,182240,1.9938730853391684
91500,182445,1.9939344262295082
91600,182667,1.9941812227074236
91700,182850,1.9940021810250819
91800,183059,1.9941067538126362
91900,183260,1.9941240478781284
92000,183472,1.9942608695652173
92100,183674,1.9942888165038002
92200,183877,1.9943275488069414
92300,184075,1.994312026002167
92400,184280,1.9943722943722944
92500,184460,1.9941621621621621
92600,184670,1.9942764578833694
92700,184857,1.9941423948220065
92800,185040,1.9939655172413793
92900,185239,1.9939612486544671
93000,185435,1.9939247311827957
93100,185639,1.9939742212674543
93200,185848,1.9940772532188842
93300,186056,1.9941693461950696
93400,186240,1.9940042826552462
93500,186438,1.9939893048128343
93600,186635,1.9939636752136751
93700,186837,1.993991462113127
93800,187018,1.9937953091684435
93900,187239,1.9940255591054312
94000,187454,1.994191489361702
94100,187656,1.9942189160467587
94200,187840,1.9940552016985138
94300,188055,1.9942205726405091
94400,188245,1.9941207627118644
94500,188439,1.994063492063492
94600,188631,1.993985200845666
94700,188849,1.994181626187962
94800,189047,1.9941666666666666
94900,189228,1.993972602739726
95000,189419,1.9938842105263157
95100,189630,1.994006309148265
95200,189818,1.9938865546218487
95300,190019,1.993903462749213
95400,190213,1.993846960167715
95500,190412,1.9938429319371729
95600,190616,1.9938912133891213
95700,190811,1.9938453500522466
95800,191000,1.9937369519832986
95900,191199,1.993733055265902
96000,191393,1.9936770833333333
96100,191591,1.99366285119667
96200,191792,1.9936798336798336
96300,191990,1.9936656282450675
96400,192193,1.9937033195020746
96500,192392,1.993699481865285
96600,192579,1.9935714285714285
96700,192778,1.9935677352637022
96800,192977,1.9935640495867768
96900,193177,1.9935706914344686
97000,193380,1.9936082474226804
97100,193591,1.993728115345005
97200,193777,1.9935905349794238
97300,193985,1.9936793422404933
97400,194192,1.9937577002053388
97500,194399,1.9938358974358974
97600,194606,1.9939139344262296
97700,194793,1.9937871033776868
97800,194994,1.993803680981595
97900,195198,1.9938508682328906
98000,195400,1.993877551020408
98100,195611,1.9939959225280326
98200,195808,1.9939714867617109
98300,196018,1.9940793489318414
98400,196199,1.9938922764227642
98500,196394,1.9938477157360406
98600,196591,1.9938235294117648
98700,196780,1.9937183383991894
98800,196978,1.9937044534412955
98900,197178,1.9937108190091002
99000,197374,1.9936767676767677
99100,197572,1.9936629667003027
99200,197774,1.9936895161290322
99300,197969,1.993645518630413
99400,198155,1.9935110663983904
99500,198357,1.9935376884422111
99600,198555,1.993524096385542
99700,198756,1.9935406218655969
99800,198956,1.9935470941883768
99900,199140,1.9933933933933934
100000,199339,1.99339
